{
    "標定時間": "2025-07-31 15:04:25",
    "相機設定": {
        "物理焦距_mm": 50.0
    },
    "標定板設定": {
        "內角點數量": "11x7",
        "方格尺寸_mm": 30.0
    },
    "標定結果": {
        "RMS重投影誤差": 0.1609108229304604,
        "畸變係數項數": 12,
        "相機內參矩陣": {
            "fx_像素焦距": 745.0768515685347,
            "fy_像素焦距": 757.5750953285101,
            "cx_主點": 555.4024865076381,
            "cy_主點": 336.8409460889505,
            "註記": "fx, fy 為像素焦距，與物理焦距不同",
            "完整矩陣": [
                [
                    745.0768515685347,
                    0.0,
                    555.4024865076381
                ],
                [
                    0.0,
                    757.5750953285101,
                    336.8409460889505
                ],
                [
                    0.0,
                    0.0,
                    1.0
                ]
            ]
        },
        "畸變係數": {
            "k1_徑向畸變1": 0.9048374361089644,
            "k2_徑向畸變2": -0.9567802851488513,
            "p1_切向畸變1": 0.03007303342357663,
            "p2_切向畸變2": 0.01885783724044123,
            "k3_徑向畸變3": -7.038615033860191,
            "k4_徑向畸變4": 0.8763084704310466,
            "k5_徑向畸變5": -0.8033567353560929,
            "k6_徑向畸變6": -7.220820800236803,
            "s1_薄稜鏡1": -0.020034439881981184,
            "s2_薄稜鏡2": 0.0009647675342690304,
            "s3_薄稜鏡3": -0.031206557890115855,
            "s4_薄稜鏡4": -0.0013528932068921247,
            "完整係數陣列": [
                [
                    0.9048374361089644,
                    -0.9567802851488513,
                    0.03007303342357663,
                    0.01885783724044123,
                    -7.038615033860191,
                    0.8763084704310466,
                    -0.8033567353560929,
                    -7.220820800236803,
                    -0.020034439881981184,
                    0.0009647675342690304,
                    -0.031206557890115855,
                    -0.0013528932068921247
                ]
            ]
        }
    },
    "使用影像數量": 20
}