{
    "標定時間": "2025-07-22 16:30:55",
    "相機設定": {
        "物理焦距_mm": 50.0
    },
    "標定板設定": {
        "內角點數量": "11x7",
        "方格尺寸_mm": 30.0
    },
    "標定結果": {
        "RMS重投影誤差": 0.18599464628721024,
        "畸變係數項數": 5,
        "相機內參矩陣": {
            "fx_像素焦距": 718.9178450036386,
            "fy_像素焦距": 729.9676399271059,
            "cx_主點": 523.8179406009672,
            "cy_主點": 285.67598916891797,
            "註記": "fx, fy 為像素焦距，與物理焦距不同",
            "完整矩陣": [
                [
                    718.9178450036386,
                    0.0,
                    523.8179406009672
                ],
                [
                    0.0,
                    729.9676399271059,
                    285.67598916891797
                ],
                [
                    0.0,
                    0.0,
                    1.0
                ]
            ]
        },
        "畸變係數": {
            "k1_徑向畸變1": 0.03106546328832837,
            "k2_徑向畸變2": -0.17971041050894265,
            "p1_切向畸變1": 0.0008742453644690531,
            "p2_切向畸變2": 0.00017705134811029895,
            "k3_徑向畸變3": 0.2137290538464773,
            "完整係數陣列": [
                [
                    0.03106546328832837,
                    -0.17971041050894265,
                    0.0008742453644690531,
                    0.00017705134811029895,
                    0.2137290538464773
                ]
            ]
        }
    },
    "使用影像數量": 20
}