{
    "標定時間": "2025-07-22 16:32:07",
    "相機設定": {
        "物理焦距_mm": 50.0
    },
    "標定板設定": {
        "內角點數量": "11x7",
        "方格尺寸_mm": 30.0
    },
    "標定結果": {
        "RMS重投影誤差": 0.1649620514319522,
        "畸變係數項數": 14,
        "相機內參矩陣": {
            "fx_像素焦距": 742.9401585342064,
            "fy_像素焦距": 750.8281274011537,
            "cx_主點": 497.87200712217845,
            "cy_主點": 315.8418930037545,
            "註記": "fx, fy 為像素焦距，與物理焦距不同",
            "完整矩陣": [
                [
                    742.9401585342064,
                    0.0,
                    497.87200712217845
                ],
                [
                    0.0,
                    750.8281274011537,
                    315.8418930037545
                ],
                [
                    0.0,
                    0.0,
                    1.0
                ]
            ]
        },
        "畸變係數": {
            "k1_徑向畸變1": 0.04024142902307621,
            "k2_徑向畸變2": -0.06534936809854235,
            "p1_切向畸變1": -0.03402714416708583,
            "p2_切向畸變2": -0.0025627464000360064,
            "k3_徑向畸變3": -0.44113981248945283,
            "k4_徑向畸變4": 0.013807352678314937,
            "k5_徑向畸變5": 0.15381189066548576,
            "k6_徑向畸變6": -0.7913411840172141,
            "s1_薄稜鏡1": -0.0008499633297872904,
            "s2_薄稜鏡2": 0.017022792989742797,
            "s3_薄稜鏡3": 0.03156010403210086,
            "s4_薄稜鏡4": 0.004827555404801988,
            "τx_傾斜畸變x": 0.1018878107391766,
            "τy_傾斜畸變y": 0.03381304785440045,
            "完整係數陣列": [
                [
                    0.04024142902307621,
                    -0.06534936809854235,
                    -0.03402714416708583,
                    -0.0025627464000360064,
                    -0.44113981248945283,
                    0.013807352678314937,
                    0.15381189066548576,
                    -0.7913411840172141,
                    -0.0008499633297872904,
                    0.017022792989742797,
                    0.03156010403210086,
                    0.004827555404801988,
                    0.1018878107391766,
                    0.03381304785440045
                ]
            ]
        }
    },
    "使用影像數量": 20
}