{
    "標定時間": "2025-07-22 16:31:55",
    "相機設定": {
        "物理焦距_mm": 50.0
    },
    "標定板設定": {
        "內角點數量": "11x7",
        "方格尺寸_mm": 30.0
    },
    "標定結果": {
        "RMS重投影誤差": 0.16091082293083783,
        "畸變係數項數": 12,
        "相機內參矩陣": {
            "fx_像素焦距": 745.0768515735272,
            "fy_像素焦距": 757.5750953348196,
            "cx_主點": 555.4024864988227,
            "cy_主點": 336.8409461033059,
            "註記": "fx, fy 為像素焦距，與物理焦距不同",
            "完整矩陣": [
                [
                    745.0768515735272,
                    0.0,
                    555.4024864988227
                ],
                [
                    0.0,
                    757.5750953348196,
                    336.8409461033059
                ],
                [
                    0.0,
                    0.0,
                    1.0
                ]
            ]
        },
        "畸變係數": {
            "k1_徑向畸變1": 0.9048374608769967,
            "k2_徑向畸變2": -0.9567794464010596,
            "p1_切向畸變1": 0.030073033432308136,
            "p2_切向畸變2": 0.018857837234779982,
            "k3_徑向畸變3": -7.038615372073389,
            "k4_徑向畸變4": 0.8763084953600639,
            "k5_徑向畸變5": -0.8033559008781054,
            "k6_徑向畸變6": -7.220821125024228,
            "s1_薄稜鏡1": -0.02003443987708651,
            "s2_薄稜鏡2": 0.000964767536759872,
            "s3_薄稜鏡3": -0.03120655789788835,
            "s4_薄稜鏡4": -0.0013528932092061493,
            "完整係數陣列": [
                [
                    0.9048374608769967,
                    -0.9567794464010596,
                    0.030073033432308136,
                    0.018857837234779982,
                    -7.038615372073389,
                    0.8763084953600639,
                    -0.8033559008781054,
                    -7.220821125024228,
                    -0.02003443987708651,
                    0.000964767536759872,
                    -0.03120655789788835,
                    -0.0013528932092061493
                ]
            ]
        }
    },
    "使用影像數量": 20
}