{
    "標定時間": "2025-07-24 14:28:12",
    "相機設定": {
        "物理焦距_mm": 50.0
    },
    "標定板設定": {
        "內角點數量": "11x7",
        "方格尺寸_mm": 30.0
    },
    "標定結果": {
        "RMS重投影誤差": 0.16091082292964196,
        "畸變係數項數": 12,
        "相機內參矩陣": {
            "fx_像素焦距": 745.0768515615429,
            "fy_像素焦距": 757.5750953197488,
            "cx_主點": 555.4024865161508,
            "cy_主點": 336.84094606445314,
            "註記": "fx, fy 為像素焦距，與物理焦距不同",
            "完整矩陣": [
                [
                    745.0768515615429,
                    0.0,
                    555.4024865161508
                ],
                [
                    0.0,
                    757.5750953197488,
                    336.84094606445314
                ],
                [
                    0.0,
                    0.0,
                    1.0
                ]
            ]
        },
        "畸變係數": {
            "k1_徑向畸變1": 0.9048375804036634,
            "k2_徑向畸變2": -0.9567794044626533,
            "p1_切向畸變1": 0.030073033408679315,
            "p2_切向畸變2": 0.018857837246617794,
            "k3_徑向畸變3": -7.038615043643726,
            "k4_徑向畸變4": 0.8763086147700205,
            "k5_徑向畸變5": -0.8033558604185427,
            "k6_徑向畸變6": -7.220820789871955,
            "s1_薄稜鏡1": -0.020034439886919067,
            "s2_薄稜鏡2": 0.0009647675285914431,
            "s3_薄稜鏡3": -0.031206557874065614,
            "s4_薄稜鏡4": -0.00135289320924055,
            "完整係數陣列": [
                [
                    0.9048375804036634,
                    -0.9567794044626533,
                    0.030073033408679315,
                    0.018857837246617794,
                    -7.038615043643726,
                    0.8763086147700205,
                    -0.8033558604185427,
                    -7.220820789871955,
                    -0.020034439886919067,
                    0.0009647675285914431,
                    -0.031206557874065614,
                    -0.00135289320924055
                ]
            ]
        }
    },
    "使用影像數量": 20
}