{
    "標定時間": "2025-07-22 16:30:42",
    "相機設定": {
        "物理焦距_mm": 50.0
    },
    "標定板設定": {
        "內角點數量": "11x7",
        "方格尺寸_mm": 30.0
    },
    "標定結果": {
        "RMS重投影誤差": 0.1844269540451976,
        "畸變係數項數": 8,
        "相機內參矩陣": {
            "fx_像素焦距": 718.1661919227724,
            "fy_像素焦距": 729.193102624512,
            "cx_主點": 523.8700856489315,
            "cy_主點": 285.7290861350908,
            "註記": "fx, fy 為像素焦距，與物理焦距不同",
            "完整矩陣": [
                [
                    718.1661919227724,
                    0.0,
                    523.8700856489315
                ],
                [
                    0.0,
                    729.193102624512,
                    285.7290861350908
                ],
                [
                    0.0,
                    0.0,
                    1.0
                ]
            ]
        },
        "畸變係數": {
            "k1_徑向畸變1": 22.870317758639217,
            "k2_徑向畸變2": 3.690771000630241,
            "p1_切向畸變1": 0.0008739840204870604,
            "p2_切向畸變2": 0.00015129780160783626,
            "k3_徑向畸變3": -67.93110137121974,
            "k4_徑向畸變4": 22.749432798935803,
            "k5_徑向畸變5": 3.9992919959808657,
            "k6_徑向畸變6": -67.62971365662584,
            "完整係數陣列": [
                [
                    22.870317758639217,
                    3.690771000630241,
                    0.0008739840204870604,
                    0.00015129780160783626,
                    -67.93110137121974,
                    22.749432798935803,
                    3.9992919959808657,
                    -67.62971365662584,
                    0.0,
                    0.0,
                    0.0,
                    0.0,
                    0.0,
                    0.0
                ]
            ]
        }
    },
    "使用影像數量": 20
}