{
    "標定時間": "2025-07-22 10:13:18",
    "相機設定": {
        "物理焦距_mm": 50.0
    },
    "標定板設定": {
        "內角點數量": "11x7",
        "方格尺寸_mm": 30.0
    },
    "標定結果": {
        "RMS重投影誤差": 0.18599464628721132,
        "相機內參矩陣": {
            "fx_像素焦距": 718.9178449806292,
            "fy_像素焦距": 729.967639901691,
            "cx_主點": 523.8179406045751,
            "cy_主點": 285.6759891590915,
            "註記": "fx, fy 為像素焦距，與物理焦距不同",
            "完整矩陣": [
                [
                    718.9178449806292,
                    0.0,
                    523.8179406045751
                ],
                [
                    0.0,
                    729.967639901691,
                    285.6759891590915
                ],
                [
                    0.0,
                    0.0,
                    1.0
                ]
            ]
        },
        "畸變係數": {
            "k1_徑向畸變1": 0.031065463383008366,
            "k2_徑向畸變2": -0.17971041080256886,
            "p1_切向畸變1": 0.0008742453631459861,
            "p2_切向畸變2": 0.00017705135745262748,
            "k3_徑向畸變3": 0.21372905422994612,
            "完整係數陣列": [
                [
                    0.031065463383008366,
                    -0.17971041080256886,
                    0.0008742453631459861,
                    0.00017705135745262748,
                    0.21372905422994612
                ]
            ]
        }
    },
    "使用影像數量": 20
}