{
    "標定時間": "2025-07-31 14:35:18",
    "相機設定": {
        "物理焦距_mm": 50.0
    },
    "標定板設定": {
        "內角點數量": "11x7",
        "方格尺寸_mm": 30.0
    },
    "標定結果": {
        "RMS重投影誤差": 0.16091082292912012,
        "畸變係數項數": 12,
        "相機內參矩陣": {
            "fx_像素焦距": 745.0768515631875,
            "fy_像素焦距": 757.5750953207674,
            "cx_主點": 555.4024865220516,
            "cy_主點": 336.8409460558773,
            "註記": "fx, fy 為像素焦距，與物理焦距不同",
            "完整矩陣": [
                [
                    745.0768515631875,
                    0.0,
                    555.4024865220516
                ],
                [
                    0.0,
                    757.5750953207674,
                    336.8409460558773
                ],
                [
                    0.0,
                    0.0,
                    1.0
                ]
            ]
        },
        "畸變係數": {
            "k1_徑向畸變1": 0.9048376717591697,
            "k2_徑向畸變2": -0.9567789477968214,
            "p1_切向畸變1": 0.030073033402876315,
            "p2_切向畸變2": 0.018857837250099093,
            "k3_徑向畸變3": -7.038614968685849,
            "k4_徑向畸變4": 0.8763087061409262,
            "k5_徑向畸變5": -0.8033554069942876,
            "k6_徑向畸變6": -7.220820703405741,
            "s1_薄稜鏡1": -0.020034439890068055,
            "s2_薄稜鏡2": 0.0009647675262486561,
            "s3_薄稜鏡3": -0.03120655786787598,
            "s4_薄稜鏡4": -0.0013528932102625946,
            "完整係數陣列": [
                [
                    0.9048376717591697,
                    -0.9567789477968214,
                    0.030073033402876315,
                    0.018857837250099093,
                    -7.038614968685849,
                    0.8763087061409262,
                    -0.8033554069942876,
                    -7.220820703405741,
                    -0.020034439890068055,
                    0.0009647675262486561,
                    -0.03120655786787598,
                    -0.0013528932102625946
                ]
            ]
        }
    },
    "使用影像數量": 20
}